tam mie,30,asd@email.com
tester flask,28,flask@asd.com
fullname,22,fullname@asd.com
Wheeler,17,Hugo@test.com
Smith,86,Ebony@test
Roberts,6,Janis@test.com
George,24,Angelina@test.com
Shaw,23,Lucille@testcom
Curry,39,Luz@test.com
Tran,23,Dora@test.com
Aguilar,45,Tyronedd@test.com
Ortiz,64,Mars@as.com
Moore,90,Johnnie@test.a
Zimmerman,57,Sheryl@a.com
Hubbard,71,Dana@.com
Cunningham,19,Essie@test.com
Johnston,23,Steve@test.com
Nelson,26,Roland@test.com
Collins,97,Shelia@test.com
Vasquez,85,Guadalupe@test.com
Steele,52,Jamie@test.com
Gibbs,25,Pearl@test.com
Perry,6,Brent@test.com
Mendoza,96,Rose@test.com
Turner,19,Rickey@test.com
Holland,37,Claire@test.com
Mann,12,Neil@test.com
Grant,62,Roberto@test.com
Soto,79,Annie@test.com
Carroll,11,Cesar@test.com
Arnold,90,Kerry@test.com
Ruiz,79,Clyde@test.com
Jennings,31,Olga@test.com
Garza,84,Amelia@test.com
Mills,17,Lamar@test.com
Fox,87,Spencer@test.com
Frazier,10,Rodolfo@test.com
Holt,93,Eileen@test.com
Hampton,48,Wilson@test.com
Castro,94,Wilma@test.com
West,6,Eduardo@test.com
Potter,58,Lynn@test.com
Jones,10,Mathew@test.com
Chavez,94,Lionel@test.com
James,98,Shirley@test.com
Stevens,33,Calvin@test.com
Sandoval,69,Gerald@test.com
Lee,29,Jeanne@test.com
Barnett,53,Noel@test.com
Olson,38,Darrel@test.com
Bowers,63,Patti@test.com
French,88,Carole@test.com
Lamb,81,Lori@test.com
Bell,95,Tony@test.com
Harrison,53,Jeanette@test.com
Kelly,68,Raul@test.com
Conner,63,Sophia@test.com
Willis,9,Irvin@test.com
Jacobs,53,Cedric@test.com
Barber,35,Melanie@test.com
Wilson,42,Benny@test.com
Rodriquez,95,Lucy@test.com
Benson,59,Marcella@test.com
Patterson,43,Glen@test.com
Curtis,99,Arturo@test.com
Jimenez,66,Myron@test.com
Carter,75,Sarah@test.com
Woods,1,Celia@test.com
Norton,11,Kevin@test.com
Mcdonald,60,Colleen@test.com
Mccarthy,26,William@test.com
Larson,91,Beatrice@test.com
Clark,8,Orville@test.com
Medina,50,Victoria@test.com
Hammond,99,Joshua@test.com
Burns,63,Delbert@test.com
Mckinney,89,Percy@test.com
Gutierrez,6,Marion@test.com
May,83,Brandi@test.com
Roy,80,Wilfred@test.com
Warner,14,Courtney@test.com
Wong,99,Georgia@test.com
Mcguire,88,Rodney@test.com
Todd,84,Diana@test.com
Robbins,22,Jimmie@test.com
Garcia,96,Cary@test.com
King,12,Lewis@test.com
Copeland,22,Amy@test.com
Wright,44,Patty@test.com
Schmidt,59,Joanne@test.com
Miller,6,Norman@test.com
Jensen,28,Nancy@test.com
Hayes,62,Armando@test.com
Kim,6,Clarence@test.com
Rodriguez,15,Miranda@test.com
Phillips,4,Pam@test.com
Park,57,Monica@test.com
Simon,10,Deborah@test.com
Wilkins,60,Dixie@test.com
Welch,44,Sherry@test.com
Hines,68,Stella@test.com
Meyer,38,Sabrina@test.com
Hernandez,33,Julius@test.com